old,new
-3.27393,24
-2.8595,26
-2.63199,28
-2.39883,29
-2.21069,30
-2.09015,31
-1.97495,32
-1.82919,33
-1.68062,34
-1.55521,35
-1.42424,36
-1.27553,37
-1.11902,38
-0.97631,39
-0.84732,40
-0.71727,41
-0.58331,42
-0.45174,43
-0.31776,44
-0.17779,45
-0.01928,46
0.14143,47
0.29338,48
0.44585,49
0.58331,50
0.7233,51
0.88309,52
1.06238,53
1.24033,54
1.43533,55
1.65653,56
1.88511,57
2.15324,58
2.44904,59
2.90161,60
